{
	"info": {
		"_postman_id": "a2a0d7e8-6aad-4cde-87bb-119e6edf5d19",
		"name": "Part1",
		"schema": "https://schema.getpostman.com/json/collection/v2.1.0/collection.json",
		"_exporter_id": "41819398"
	},
	"item": [
		{
			"name": "List all patients-ERROR",
			"request": {
				"auth": {
					"type": "noauth"
				},
				"method": "GET",
				"header": [],
				"url": {
					"raw": "http://localhost:8080/patients",
					"protocol": "http",
					"host": [
						"localhost"
					],
					"port": "8080",
					"path": [
						"patients"
					]
				}
			},
			"response": []
		},
		{
			"name": "Create a new patient",
			"request": {
				"method": "POST",
				"header": [
					{
						"key": "Content-Type",
						"value": "application/json",
						"type": "text"
					}
				],
				"body": {
					"mode": "raw",
					"raw": "{\r\n  \"id\": 0,\r\n  \"name\": \"string\",\r\n  \"email\": \"string\",\r\n  \"phoneNumber\": \"string\",\r\n  \"address\": \"string\"\r\n}",
					"options": {
						"raw": {
							"language": "json"
						}
					}
				},
				"url": {
					"raw": "http://localhost:8080/patients",
					"protocol": "http",
					"host": [
						"localhost"
					],
					"port": "8080",
					"path": [
						"patients"
					]
				}
			},
			"response": []
		},
		{
			"name": "List all patients",
			"request": {
				"auth": {
					"type": "noauth"
				},
				"method": "GET",
				"header": [],
				"url": {
					"raw": "http://localhost:8080/patients",
					"protocol": "http",
					"host": [
						"localhost"
					],
					"port": "8080",
					"path": [
						"patients"
					]
				}
			},
			"response": []
		},
		{
			"name": "Create a new patient-ERROR",
			"request": {
				"auth": {
					"type": "noauth"
				},
				"method": "POST",
				"header": [
					{
						"key": "Content-Type",
						"value": "application/json",
						"type": "text"
					}
				],
				"body": {
					"mode": "raw",
					"raw": "{\r\n  \"id\": 1,\r\n  \"name\": \"string\",\r\n  \"email\": \"string\",\r\n  \"phoneNumber\": \"string\",\r\n  \"address\": \"string\"\r\n}",
					"options": {
						"raw": {
							"language": "json"
						}
					}
				},
				"url": {
					"raw": "http://localhost:8080/patients",
					"protocol": "http",
					"host": [
						"localhost"
					],
					"port": "8080",
					"path": [
						"patients"
					]
				}
			},
			"response": []
		},
		{
			"name": "Retrieve a specific patient by ID",
			"request": {
				"auth": {
					"type": "noauth"
				},
				"method": "GET",
				"header": [],
				"url": {
					"raw": "http://localhost:8080/patients/1",
					"protocol": "http",
					"host": [
						"localhost"
					],
					"port": "8080",
					"path": [
						"patients",
						"1"
					]
				}
			},
			"response": []
		},
		{
			"name": "Retrieve a specific patient by ID-ERROR",
			"request": {
				"auth": {
					"type": "noauth"
				},
				"method": "GET",
				"header": [],
				"url": {
					"raw": "http://localhost:8080/patients/2",
					"protocol": "http",
					"host": [
						"localhost"
					],
					"port": "8080",
					"path": [
						"patients",
						"2"
					]
				}
			},
			"response": []
		},
		{
			"name": "Update a specific patient by ID",
			"request": {
				"auth": {
					"type": "noauth"
				},
				"method": "PUT",
				"header": [
					{
						"key": "Content-Type",
						"value": "application/json",
						"type": "text"
					}
				],
				"body": {
					"mode": "raw",
					"raw": "{\r\n  \"id\": 1,\r\n  \"name\": \"string\",\r\n  \"email\": \"string\",\r\n  \"phoneNumber\": \"string\",\r\n  \"address\": \"no\"\r\n}",
					"options": {
						"raw": {
							"language": "json"
						}
					}
				},
				"url": {
					"raw": "http://localhost:8080/patients/1",
					"protocol": "http",
					"host": [
						"localhost"
					],
					"port": "8080",
					"path": [
						"patients",
						"1"
					]
				}
			},
			"response": []
		},
		{
			"name": "Update a specific patient by ID-ERROR",
			"request": {
				"auth": {
					"type": "noauth"
				},
				"method": "PUT",
				"header": [
					{
						"key": "Content-Type",
						"value": "application/json",
						"type": "text"
					}
				],
				"body": {
					"mode": "raw",
					"raw": "{\r\n  \"id\": 2,\r\n  \"name\": \"string\",\r\n  \"email\": \"string\",\r\n  \"phoneNumber\": \"yes\",\r\n  \"address\": \"no\"\r\n}",
					"options": {
						"raw": {
							"language": "json"
						}
					}
				},
				"url": {
					"raw": "http://localhost:8080/patients/2",
					"protocol": "http",
					"host": [
						"localhost"
					],
					"port": "8080",
					"path": [
						"patients",
						"2"
					]
				}
			},
			"response": []
		},
		{
			"name": "New patient to test DEL-DOES NOT COUNT AS ENDPOINT",
			"request": {
				"method": "POST",
				"header": [
					{
						"key": "Content-Type",
						"value": "application/json",
						"type": "text"
					}
				],
				"body": {
					"mode": "raw",
					"raw": "{\r\n  \"id\": 0,\r\n  \"name\": \"string\",\r\n  \"email\": \"string\",\r\n  \"phoneNumber\": \"string\",\r\n  \"address\": \"string\"\r\n}",
					"options": {
						"raw": {
							"language": "json"
						}
					}
				},
				"url": {
					"raw": "http://localhost:8080/patients",
					"protocol": "http",
					"host": [
						"localhost"
					],
					"port": "8080",
					"path": [
						"patients"
					]
				}
			},
			"response": []
		},
		{
			"name": "Delete a specific patient by ID",
			"request": {
				"auth": {
					"type": "noauth"
				},
				"method": "DELETE",
				"header": [
					{
						"key": "Content-Type",
						"value": "application/json",
						"type": "text"
					}
				],
				"url": {
					"raw": "http://localhost:8080/patients/2",
					"protocol": "http",
					"host": [
						"localhost"
					],
					"port": "8080",
					"path": [
						"patients",
						"2"
					]
				}
			},
			"response": []
		},
		{
			"name": "Delete a specific patient by ID-ERROR",
			"request": {
				"auth": {
					"type": "noauth"
				},
				"method": "DELETE",
				"header": [
					{
						"key": "Content-Type",
						"value": "application/json",
						"type": "text"
					}
				],
				"url": {
					"raw": "http://localhost:8080/patients/2",
					"protocol": "http",
					"host": [
						"localhost"
					],
					"port": "8080",
					"path": [
						"patients",
						"2"
					]
				}
			},
			"response": []
		},
		{
			"name": "List all appointments for a specific patient",
			"request": {
				"auth": {
					"type": "noauth"
				},
				"method": "GET",
				"header": [
					{
						"key": "Content-Type",
						"value": "application/json",
						"type": "text"
					}
				],
				"url": {
					"raw": "http://localhost:8080/patients/1/appointments",
					"protocol": "http",
					"host": [
						"localhost"
					],
					"port": "8080",
					"path": [
						"patients",
						"1",
						"appointments"
					]
				}
			},
			"response": []
		},
		{
			"name": "List all appointments for a specific patient-ERROR",
			"request": {
				"auth": {
					"type": "noauth"
				},
				"method": "GET",
				"header": [
					{
						"key": "Content-Type",
						"value": "application/json",
						"type": "text"
					}
				],
				"url": {
					"raw": "http://localhost:8080/patients/2/appointments",
					"protocol": "http",
					"host": [
						"localhost"
					],
					"port": "8080",
					"path": [
						"patients",
						"2",
						"appointments"
					]
				}
			},
			"response": []
		},
		{
			"name": "List all medical records for a specific patient",
			"request": {
				"auth": {
					"type": "noauth"
				},
				"method": "GET",
				"header": [
					{
						"key": "Content-Type",
						"value": "application/json",
						"type": "text"
					}
				],
				"url": {
					"raw": "http://localhost:8080/patients/1/medical-records",
					"protocol": "http",
					"host": [
						"localhost"
					],
					"port": "8080",
					"path": [
						"patients",
						"1",
						"medical-records"
					]
				}
			},
			"response": []
		},
		{
			"name": "List all medical records for a specific patient-ERROR",
			"request": {
				"auth": {
					"type": "noauth"
				},
				"method": "GET",
				"header": [
					{
						"key": "Content-Type",
						"value": "application/json",
						"type": "text"
					}
				],
				"url": {
					"raw": "http://localhost:8080/patients/2/medical-records",
					"protocol": "http",
					"host": [
						"localhost"
					],
					"port": "8080",
					"path": [
						"patients",
						"2",
						"medical-records"
					]
				}
			},
			"response": []
		},
		{
			"name": "List all doctors-ERROR",
			"request": {
				"auth": {
					"type": "noauth"
				},
				"method": "GET",
				"header": [],
				"url": {
					"raw": "http://localhost:8080/doctors",
					"protocol": "http",
					"host": [
						"localhost"
					],
					"port": "8080",
					"path": [
						"doctors"
					]
				}
			},
			"response": []
		},
		{
			"name": "Create new doctor",
			"request": {
				"method": "POST",
				"header": [
					{
						"key": "Content-Type",
						"value": "application/json",
						"type": "text"
					}
				],
				"body": {
					"mode": "raw",
					"raw": "{\r\n  \"id\": 0,\r\n  \"name\": \"string\",\r\n  \"specialisation\": \"string\",\r\n  \"email\": \"string\",\r\n  \"phoneNumber\": \"string\"\r\n}",
					"options": {
						"raw": {
							"language": "json"
						}
					}
				},
				"url": {
					"raw": "http://localhost:8080/doctors",
					"protocol": "http",
					"host": [
						"localhost"
					],
					"port": "8080",
					"path": [
						"doctors"
					]
				}
			},
			"response": []
		},
		{
			"name": "List all doctors",
			"request": {
				"auth": {
					"type": "noauth"
				},
				"method": "GET",
				"header": [],
				"url": {
					"raw": "http://localhost:8080/patients",
					"protocol": "http",
					"host": [
						"localhost"
					],
					"port": "8080",
					"path": [
						"patients"
					]
				}
			},
			"response": []
		},
		{
			"name": "Create new doctor-ERROR",
			"request": {
				"method": "POST",
				"header": [
					{
						"key": "Content-Type",
						"value": "application/json",
						"type": "text"
					}
				],
				"body": {
					"mode": "raw",
					"raw": "{\r\n  \"id\": 1,\r\n  \"name\": \"string\",\r\n  \"specialisation\": \"string\",\r\n  \"email\": \"string\",\r\n  \"phoneNumber\": \"string\"\r\n}",
					"options": {
						"raw": {
							"language": "json"
						}
					}
				},
				"url": {
					"raw": "http://localhost:8080/doctors",
					"protocol": "http",
					"host": [
						"localhost"
					],
					"port": "8080",
					"path": [
						"doctors"
					]
				}
			},
			"response": []
		},
		{
			"name": "Retrieve a specific doctor by ID",
			"request": {
				"auth": {
					"type": "noauth"
				},
				"method": "GET",
				"header": [],
				"url": {
					"raw": "http://localhost:8080/doctors/1",
					"protocol": "http",
					"host": [
						"localhost"
					],
					"port": "8080",
					"path": [
						"doctors",
						"1"
					]
				}
			},
			"response": []
		},
		{
			"name": "Retrieve a specific doctor by ID-ERROR",
			"request": {
				"auth": {
					"type": "noauth"
				},
				"method": "GET",
				"header": [],
				"url": {
					"raw": "http://localhost:8080/patients/2",
					"protocol": "http",
					"host": [
						"localhost"
					],
					"port": "8080",
					"path": [
						"patients",
						"2"
					]
				}
			},
			"response": []
		},
		{
			"name": "Update a specific doctor by ID",
			"request": {
				"auth": {
					"type": "noauth"
				},
				"method": "PUT",
				"header": [
					{
						"key": "Content-Type",
						"value": "application/json",
						"type": "text"
					}
				],
				"body": {
					"mode": "raw",
					"raw": "{\r\n  \"id\": 1,\r\n  \"name\": \"no\",\r\n  \"specialisation\": \"string\",\r\n  \"email\": \"string\",\r\n  \"phoneNumber\": \"string\"\r\n}",
					"options": {
						"raw": {
							"language": "json"
						}
					}
				},
				"url": {
					"raw": "http://localhost:8080/doctors/1",
					"protocol": "http",
					"host": [
						"localhost"
					],
					"port": "8080",
					"path": [
						"doctors",
						"1"
					]
				}
			},
			"response": []
		},
		{
			"name": "Update a specific doctor by ID-ERROR",
			"request": {
				"auth": {
					"type": "noauth"
				},
				"method": "PUT",
				"header": [
					{
						"key": "Content-Type",
						"value": "application/json",
						"type": "text"
					}
				],
				"body": {
					"mode": "raw",
					"raw": "{\r\n  \"id\": 1,\r\n  \"name\": \"string\",\r\n  \"email\": \"string\",\r\n  \"phoneNumber\": \"string\",\r\n  \"address\": \"string\"\r\n}",
					"options": {
						"raw": {
							"language": "json"
						}
					}
				},
				"url": {
					"raw": "http://localhost:8080/patients/2",
					"protocol": "http",
					"host": [
						"localhost"
					],
					"port": "8080",
					"path": [
						"patients",
						"2"
					]
				}
			},
			"response": []
		},
		{
			"name": "New doctor to test DEL-DOES NOT COUNT AS ENDPOINT",
			"request": {
				"method": "POST",
				"header": [
					{
						"key": "Content-Type",
						"value": "application/json",
						"type": "text"
					}
				],
				"body": {
					"mode": "raw",
					"raw": "{\r\n  \"id\": 0,\r\n  \"name\": \"string\",\r\n  \"specialisation\": \"string\",\r\n  \"email\": \"string\",\r\n  \"phoneNumber\": \"string\"\r\n}",
					"options": {
						"raw": {
							"language": "json"
						}
					}
				},
				"url": {
					"raw": "http://localhost:8080/doctors",
					"protocol": "http",
					"host": [
						"localhost"
					],
					"port": "8080",
					"path": [
						"doctors"
					]
				}
			},
			"response": []
		},
		{
			"name": "Delete a specific doctor by ID",
			"request": {
				"auth": {
					"type": "noauth"
				},
				"method": "DELETE",
				"header": [
					{
						"key": "Content-Type",
						"value": "application/json",
						"type": "text"
					}
				],
				"url": {
					"raw": "http://localhost:8080/doctors/2",
					"protocol": "http",
					"host": [
						"localhost"
					],
					"port": "8080",
					"path": [
						"doctors",
						"2"
					]
				}
			},
			"response": []
		},
		{
			"name": "Delete a specific doctor by ID-ERROR",
			"request": {
				"auth": {
					"type": "noauth"
				},
				"method": "DELETE",
				"header": [
					{
						"key": "Content-Type",
						"value": "application/json",
						"type": "text"
					}
				],
				"url": {
					"raw": "http://localhost:8080/doctors/2",
					"protocol": "http",
					"host": [
						"localhost"
					],
					"port": "8080",
					"path": [
						"doctors",
						"2"
					]
				}
			},
			"response": []
		},
		{
			"name": "List all appointments for a specific doctor",
			"request": {
				"auth": {
					"type": "noauth"
				},
				"method": "GET",
				"header": [
					{
						"key": "Content-Type",
						"value": "application/json",
						"type": "text"
					}
				],
				"url": {
					"raw": "http://localhost:8080/doctors/1/appointments",
					"protocol": "http",
					"host": [
						"localhost"
					],
					"port": "8080",
					"path": [
						"doctors",
						"1",
						"appointments"
					]
				}
			},
			"response": []
		},
		{
			"name": "List all appointments for a specific doctor-ERROR",
			"request": {
				"auth": {
					"type": "noauth"
				},
				"method": "GET",
				"header": [
					{
						"key": "Content-Type",
						"value": "application/json",
						"type": "text"
					}
				],
				"url": {
					"raw": "http://localhost:8080/patients/2/appointments",
					"protocol": "http",
					"host": [
						"localhost"
					],
					"port": "8080",
					"path": [
						"patients",
						"2",
						"appointments"
					]
				}
			},
			"response": []
		},
		{
			"name": "List all appointments-ERROR",
			"request": {
				"auth": {
					"type": "noauth"
				},
				"method": "GET",
				"header": [],
				"url": {
					"raw": "http://localhost:8080/appointments",
					"protocol": "http",
					"host": [
						"localhost"
					],
					"port": "8080",
					"path": [
						"appointments"
					]
				}
			},
			"response": []
		},
		{
			"name": "Create new appointment",
			"request": {
				"auth": {
					"type": "noauth"
				},
				"method": "POST",
				"header": [
					{
						"key": "Content-Type",
						"value": "application/json",
						"type": "text"
					}
				],
				"body": {
					"mode": "raw",
					"raw": "{\r\n  \"appointmentDate\": \"2025-04-10T14:30:00\",\r\n  \"status\": \"Scheduled\",\r\n  \"notes\": \"Initial consultation\",\r\n  \"patient\": { \"id\": 1 },\r\n  \"doctor\": { \"id\": 1 }\r\n}\r\n",
					"options": {
						"raw": {
							"language": "json"
						}
					}
				},
				"url": {
					"raw": "http://localhost:8080/appointments",
					"protocol": "http",
					"host": [
						"localhost"
					],
					"port": "8080",
					"path": [
						"appointments"
					]
				}
			},
			"response": []
		},
		{
			"name": "List all appointments",
			"request": {
				"auth": {
					"type": "noauth"
				},
				"method": "GET",
				"header": [],
				"url": {
					"raw": "http://localhost:8080/appointments",
					"protocol": "http",
					"host": [
						"localhost"
					],
					"port": "8080",
					"path": [
						"appointments"
					]
				}
			},
			"response": []
		},
		{
			"name": "Create new appointment-ERROR",
			"request": {
				"auth": {
					"type": "noauth"
				},
				"method": "POST",
				"header": [
					{
						"key": "Content-Type",
						"value": "application/json",
						"type": "text"
					}
				],
				"body": {
					"mode": "raw",
					"raw": "{\r\n  \"appointmentDate\": \"2025-04-10T14:30:00\",\r\n  \"status\": \"Scheduled\",\r\n  \"notes\": \"Initial consultation\",\r\n  \"patient\": { \"id\": 1 },\r\n  \"doctor\": { \"id\": 2 }\r\n}\r\n",
					"options": {
						"raw": {
							"language": "json"
						}
					}
				},
				"url": {
					"raw": "http://localhost:8080/appointments",
					"protocol": "http",
					"host": [
						"localhost"
					],
					"port": "8080",
					"path": [
						"appointments"
					]
				}
			},
			"response": []
		},
		{
			"name": "Retrieve a specific appointment by ID",
			"request": {
				"auth": {
					"type": "noauth"
				},
				"method": "GET",
				"header": [],
				"url": {
					"raw": "http://localhost:8080/appointments/1",
					"protocol": "http",
					"host": [
						"localhost"
					],
					"port": "8080",
					"path": [
						"appointments",
						"1"
					]
				}
			},
			"response": []
		},
		{
			"name": "Retrieve a specific appointment by ID-ERROR",
			"request": {
				"auth": {
					"type": "noauth"
				},
				"method": "GET",
				"header": [],
				"url": {
					"raw": "http://localhost:8080/patients/2",
					"protocol": "http",
					"host": [
						"localhost"
					],
					"port": "8080",
					"path": [
						"patients",
						"2"
					]
				}
			},
			"response": []
		},
		{
			"name": "Update a specific appointment by ID",
			"request": {
				"auth": {
					"type": "noauth"
				},
				"method": "PUT",
				"header": [
					{
						"key": "Content-Type",
						"value": "application/json",
						"type": "text"
					}
				],
				"body": {
					"mode": "raw",
					"raw": "{\r\n  \"id\": 1,\r\n  \"appointmentDate\": \"2019-08-24T14:15:22Z\",\r\n  \"status\": \"string\",\r\n  \"notes\": \"no\",\r\n  \"patient\": {\r\n    \"id\": 1\r\n  },\r\n  \"doctor\": {\r\n    \"id\": 1\r\n    }\r\n}",
					"options": {
						"raw": {
							"language": "json"
						}
					}
				},
				"url": {
					"raw": "http://localhost:8080/appointments/1",
					"protocol": "http",
					"host": [
						"localhost"
					],
					"port": "8080",
					"path": [
						"appointments",
						"1"
					]
				}
			},
			"response": []
		},
		{
			"name": "Update a specific appointment by ID-ERROR",
			"request": {
				"auth": {
					"type": "noauth"
				},
				"method": "PUT",
				"header": [
					{
						"key": "Content-Type",
						"value": "application/json",
						"type": "text"
					}
				],
				"body": {
					"mode": "raw",
					"raw": "{\r\n  \"id\": 1,\r\n  \"appointmentDate\": \"2019-08-24T14:15:22Z\",\r\n  \"status\": \"string\",\r\n  \"notes\": \"no\",\r\n  \"patient\": {\r\n    \"id\": 1\r\n  },\r\n  \"doctor\": {\r\n    \"id\": 1\r\n    }\r\n}",
					"options": {
						"raw": {
							"language": "json"
						}
					}
				},
				"url": {
					"raw": "http://localhost:8080/appointments/2",
					"protocol": "http",
					"host": [
						"localhost"
					],
					"port": "8080",
					"path": [
						"appointments",
						"2"
					]
				}
			},
			"response": []
		},
		{
			"name": "New appointment to test DEL-DOES NOT COUNT AS ENDPOINT",
			"request": {
				"method": "POST",
				"header": [
					{
						"key": "Content-Type",
						"value": "application/json",
						"type": "text"
					}
				],
				"body": {
					"mode": "raw",
					"raw": "{\r\n  \"appointmentDate\": \"2025-04-10T14:30:00\",\r\n  \"status\": \"Scheduled\",\r\n  \"notes\": \"Initial consultation\",\r\n  \"patient\": { \"id\": 1 },\r\n  \"doctor\": { \"id\": 1 }\r\n}",
					"options": {
						"raw": {
							"language": "json"
						}
					}
				},
				"url": {
					"raw": "http://localhost:8080/appointments",
					"protocol": "http",
					"host": [
						"localhost"
					],
					"port": "8080",
					"path": [
						"appointments"
					]
				}
			},
			"response": []
		},
		{
			"name": "Delete a specific appointment by ID",
			"request": {
				"auth": {
					"type": "noauth"
				},
				"method": "DELETE",
				"header": [
					{
						"key": "Content-Type",
						"value": "application/json",
						"type": "text"
					}
				],
				"url": {
					"raw": "http://localhost:8080/appointments/2",
					"protocol": "http",
					"host": [
						"localhost"
					],
					"port": "8080",
					"path": [
						"appointments",
						"2"
					]
				}
			},
			"response": []
		},
		{
			"name": "Delete a specific appointment by ID-ERROR",
			"request": {
				"auth": {
					"type": "noauth"
				},
				"method": "DELETE",
				"header": [
					{
						"key": "Content-Type",
						"value": "application/json",
						"type": "text"
					}
				],
				"url": {
					"raw": "http://localhost:8080/doctors/2",
					"protocol": "http",
					"host": [
						"localhost"
					],
					"port": "8080",
					"path": [
						"doctors",
						"2"
					]
				}
			},
			"response": []
		},
		{
			"name": "Retrieve the medical record for a specific appointment-ERROR",
			"request": {
				"auth": {
					"type": "noauth"
				},
				"method": "GET",
				"header": [],
				"url": {
					"raw": "http://localhost:8080/appointments/1/medical-record",
					"protocol": "http",
					"host": [
						"localhost"
					],
					"port": "8080",
					"path": [
						"appointments",
						"1",
						"medical-record"
					]
				}
			},
			"response": []
		},
		{
			"name": "Create a new medical record",
			"request": {
				"auth": {
					"type": "noauth"
				},
				"method": "POST",
				"header": [
					{
						"key": "Content-Type",
						"value": "application/json",
						"type": "text"
					}
				],
				"body": {
					"mode": "raw",
					"raw": "{\r\n  \"id\": 0,\r\n  \"recordDate\": \"2019-08-24T14:15:22Z\",\r\n  \"diagnosis\": \"string\",\r\n  \"treatment\": \"string\",\r\n  \"notes\": \"string\",\r\n  \"appointment\": {\r\n    \"id\": 1\r\n  }\r\n}",
					"options": {
						"raw": {
							"language": "json"
						}
					}
				},
				"url": {
					"raw": "http://localhost:8080/medical-records",
					"protocol": "http",
					"host": [
						"localhost"
					],
					"port": "8080",
					"path": [
						"medical-records"
					]
				}
			},
			"response": []
		},
		{
			"name": "Retrieve the medical record for a specific appointment",
			"request": {
				"auth": {
					"type": "noauth"
				},
				"method": "GET",
				"header": [],
				"url": {
					"raw": "http://localhost:8080/appointments/1/medical-record",
					"protocol": "http",
					"host": [
						"localhost"
					],
					"port": "8080",
					"path": [
						"appointments",
						"1",
						"medical-record"
					]
				}
			},
			"response": []
		}
	]
}